{
    "locations": {
        "temesvar": [49.361912, 14.260508],
        "bechovice": [50.090808,14.633473],
        "kn_yard": [50.0764041, 14.4180359]
    },
    "current_location": "kn_yard"
}